TermID, Name, Frequency, PlotX, PlotY, LogSize, Value, Uniqueness, Dispensability, Representative, Eliminated
"GO:0000791", "euchromatin", 0.201805629314923, -5.34808392312983, 0.0346616398367981, 1.5910646070265, -3.88092653191824, 0.835741508661725, 0, null, False
"GO:0000785", "chromatin", 6.40998406797663, null, null, 3.08206693428511, -169.439570585799, 0.831097012687832, 0.47783915, 791, True
"GO:0005667", "transcription regulator complex", 2.24110462028678, 5.77010753635693, 0.0749398236488097, 2.62634036737504, -38.3289806144422, 0.764995897187746, 0, null, False
"GO:0032993", "protein-DNA complex", 0.934678704195433, 3.49531275446572, 3.24004365389737, 2.24797326636181, -8.330718565834, 0.778528119293994, 0.20574492, null, False
"GO:0090575", "RNA polymerase II transcription regulator complex", 0.939989378651089, 3.51900911621402, -3.10278641075387, 2.25042000230889, -17.3312995635158, 0.49469211366403, 0.20588263, null, False
"GO:1990907", "beta-catenin-TCF complex", 0.0690387679235263, null, null, 1.14612803567824, -2.55924316028723, 0.553756422004384, 0.6216797, 90575, True
"GO:0017053", "transcription repressor complex", 0.329261816250664, null, null, 1.79934054945358, -4.8038536989533, 0.528613488386234, 0.715214, 90575, True
