TermID, Name, Frequency, PlotX, PlotY, LogSize, Value, Uniqueness, Dispensability, Representative, Eliminated
"GO:0000791", "euchromatin", 0.201805629314923, -3.46270508891662, 4.36950641671144, 1.5910646070265, -6.00118014537148, 0.825569916770151, 0, null, False
"GO:0000785", "chromatin", 6.40998406797663, null, null, 3.08206693428511, -83.8155791927171, 0.810056004390378, 0.47783915, 791, True
"GO:0005667", "transcription regulator complex", 2.24110462028678, 6.65038846828784, 0.327650539295786, 2.62634036737504, -28.272373238647, 0.819334315506404, 0, null, False
"GO:0043231", "intracellular membrane-bounded organelle", 63.7015400955921, -2.91741072189882, -4.87296778531624, 4.07903645708749, -2.06094399840088, 0.942151271276156, 0.03348125, null, False
"GO:0032993", "protein-DNA complex", 0.934678704195433, 4.80394311317241, 3.04734748937614, 2.24797326636181, -8.63944052500839, 0.828651209549086, 0.20574492, null, False
"GO:0090575", "RNA polymerase II transcription regulator complex", 0.939989378651089, 5.13613864454403, -2.5865948513187, 2.25042000230889, -15.9462674147594, 0.66459921926152, 0.20588263, null, False
"GO:1990907", "beta-catenin-TCF complex", 0.0690387679235263, null, null, 1.14612803567824, -4.86834032537422, 0.696477428683158, 0.6216797, 90575, True
