TermID, Name, Frequency, PlotX, PlotY, LogSize, Value, Uniqueness, Dispensability, Representative, Eliminated
"GO:0000791", "euchromatin", 0.201805629314923, 5.34808254577601, -0.0346389846262235, 1.5910646070265, -2.95043586732149, 0.766352567765261, 0, null, False
"GO:0000785", "chromatin", 6.40998406797663, null, null, 3.08206693428511, -170.669164337672, 0.762173333174302, 0.47783915, 791, True
"GO:0005667", "transcription regulator complex", 2.24110462028678, -5.77010908408134, -0.0748731472613963, 2.62634036737504, -38.3562432940434, 0.80477605090997, 0, null, False
"GO:0032993", "protein-DNA complex", 0.934678704195433, -3.49532681998811, -3.23998598428431, 2.24797326636181, -5.32717896341379, 0.813446188958312, 0.20574492, null, False
"GO:0090575", "RNA polymerase II transcription regulator complex", 0.939989378651089, -3.5189980649196, 3.10284416651893, 2.25042000230889, -20.5042349914643, 0.790745484352386, 0.20588263, null, False
