TermID, Name, Frequency, PlotX, PlotY, LogSize, Value, Uniqueness, Dispensability, Representative, Eliminated
"GO:0000791", "euchromatin", 0.201805629314923, 5.3480741951097, 0.0301936758720076, 1.5910646070265, -6.10626824842128, 0.804657057476474, 0, null, False
"GO:0000785", "chromatin", 6.40998406797663, null, null, 3.08206693428511, -79.6736798744495, 0.799189991212283, 0.47783915, 791, True
"GO:0005667", "transcription regulator complex", 2.24110462028678, -5.7700741047138, 0.0810075259502988, 2.62634036737504, -28.8944812742509, 0.785359393650949, 0, null, False
"GO:0032993", "protein-DNA complex", 0.934678704195433, -3.49228113723139, 3.24395445993058, 2.24797326636181, -8.79502078732068, 0.796312391986998, 0.20574492, null, False
"GO:0090575", "RNA polymerase II transcription regulator complex", 0.939989378651089, -3.52198785296583, -3.09885031370323, 2.25042000230889, -14.7269836584381, 0.619455618696144, 0.20588263, null, False
"GO:1990907", "beta-catenin-TCF complex", 0.0690387679235263, null, null, 1.14612803567824, -4.94143966569508, 0.651694867088617, 0.6216797, 90575, True
