TermID, Name, Frequency, PlotX, PlotY, LogSize, Value, Uniqueness, Dispensability, Representative, Eliminated
"GO:0000791", "euchromatin", 0.201805629314923, -5.34811100697189, -0.0341722259093982, 1.5910646070265, -4.11712150402348, 0.766352567765261, 0, null, False
"GO:0000785", "chromatin", 6.40998406797663, null, null, 3.08206693428511, -41.6795805379973, 0.762173333174302, 0.47783915, 791, True
"GO:0005667", "transcription regulator complex", 2.24110462028678, 5.7700929221368, -0.0708538354326224, 2.62634036737504, -16.5297886114767, 0.80477605090997, 0, null, False
"GO:0032993", "protein-DNA complex", 0.934678704195433, 3.49632206774444, -3.23669330771215, 2.24797326636181, -6.63243701432879, 0.813446188958312, 0.20574492, null, False
"GO:0090575", "RNA polymerase II transcription regulator complex", 0.939989378651089, 3.51796666952606, 3.10614407065511, 2.25042000230889, -8.23880355980166, 0.790745484352386, 0.20588263, null, False
