TermID, Name, Frequency, PlotX, PlotY, LogSize, Value, Uniqueness, Dispensability, Representative, Eliminated
"GO:0000791", "euchromatin", 0.201805629314923, 5.34807860081546, -0.0218544478555823, 1.5910646070265, -5.59916660219931, 0.804657057476474, 0, null, False
"GO:0000785", "chromatin", 6.40998406797663, null, null, 3.08206693428511, -57.1755977650924, 0.799189991212283, 0.47783915, 791, True
"GO:0005667", "transcription regulator complex", 2.24110462028678, -5.76999258160826, -0.087395807522146, 2.62634036737504, -23.2197308362865, 0.785359393650949, 0, null, False
"GO:0032993", "protein-DNA complex", 0.934678704195433, -3.48801200214461, -3.24732288794095, 2.24797326636181, -4.41515251209909, 0.796312391986998, 0.20574492, null, False
"GO:0090575", "RNA polymerase II transcription regulator complex", 0.939989378651089, -3.52612045083657, 3.09543702234514, 2.25042000230889, -4.74026705700784, 0.619455618696144, 0.20588263, null, False
"GO:1990907", "beta-catenin-TCF complex", 0.0690387679235263, null, null, 1.14612803567824, -3.69546666559518, 0.651694867088617, 0.6216797, 90575, True
